Boat Characteristics,,,"ARCHIVER PAR LA
→","ARCHIVER PAR LA
→","ARCHIVER PAR LA
→","ARCHIVER PAR LA
→","ARCHIVER PAR LA
→","ARCHIVER PAR LA
→","ARCHIVER PAR LA
→","ARCHIVER PAR LA
→","ARCHIVER PAR LA
→","ARCHIVER PAR LA
→","ARCHIVER PAR LA
→","ARCHIVER PAR LA
→","ARCHIVER PAR LA
→","ARCHIVER PAR LA
→","ARCHIVER PAR LA
→","ARCHIVER PAR LA
→","ARCHIVER PAR LA
→","ARCHIVER PAR LA
→","ARCHIVER PAR LA
→","ARCHIVER PAR LA
→","ARCHIVER PAR LA
→","ARCHIVER PAR LA
→","ARCHIVER PAR LA
→","ARCHIVER PAR LA
→","ARCHIVER PAR LA
→","ARCHIVER PAR LA
→","ARCHIVER PAR LA
→","ARCHIVER PAR LA
→","ARCHIVER PAR LA
→","ARCHIVER PAR LA
→","ARCHIVER PAR LA
→","ARCHIVER PAR LA
→","ARCHIVER PAR LA
→","ARCHIVER PAR LA
→","ARCHIVER PAR LA
→","ARCHIVER PAR LA
→","ARCHIVER PAR LA
→","ARCHIVER PAR LA
→","ARCHIVER PAR LA
→","ARCHIVER PAR LA
→","ARCHIVER PAR LA
→","ARCHIVER PAR LA
→","ARCHIVER PAR LA
→","ARCHIVER PAR LA
→","ARCHIVER PAR LA
→","ARCHIVER PAR LA
→","ARCHIVER PAR LA
→","ARCHIVER PAR LA
→"
LWL,m,,17.41,17.41,17.41,17.41,17.41,17.41,17.41,17.41,17.41,17.41,17.41,17.41,17.41,17.41,17.41,17.41,17.41,17.41,17.41,17.41,17.41,17.41,17.41,17.41,17.41,17.41,17.41,17.41,17.41,17.41,17.41,17.41,17.41,17.41,17.41,17.41,17.41,17.41,17.41,17.41,17.41,17.41,17.41,17.41,17.41,17.41,17.41,17.41
LWD,m,,17.41,17.41,17.41,17.41,17.41,17.41,17.41,17.41,17.41,17.41,17.41,17.41,17.41,17.41,17.41,17.41,17.41,17.41,17.41,17.41,17.41,17.41,17.41,17.41,17.41,17.41,17.41,17.41,17.41,17.41,17.41,17.41,17.41,17.41,17.41,17.41,17.41,17.41,17.41,17.41,17.41,17.41,17.41,17.41,17.41,17.41,17.41,17.41
Tc,m,,0.98,0.98,0.98,0.98,0.98,0.98,0.98,0.98,0.98,0.98,0.98,0.98,0.98,0.98,0.98,0.98,0.98,0.98,0.98,0.98,0.98,0.98,0.98,0.98,0.98,0.98,0.98,0.98,0.98,0.98,0.98,0.98,0.98,0.98,0.98,0.98,0.98,0.98,0.98,0.98,0.98,0.98,0.98,0.98,0.98,0.98,0.98,0.98
mLDC,kg,,"32,000","32,000","32,000","32,000","32,000","32,000","32,000","32,000","32,000","32,000","32,000","32,000","32,000","32,000","32,000","32,000","32,000","32,000","32,000","32,000","32,000","32,000","32,000","32,000","32,000","32,000","32,000","32,000","32,000","32,000","32,000","32,000","32,000","32,000","32,000","32,000","32,000","32,000","32,000","32,000","32,000","32,000","32,000","32,000","32,000","32,000","32,000","32,000"
"mLDC/LWL^2,4 mono (12,5 racing, 14 GT, 27 Crus med",,,33.7,33.7,33.7,33.7,33.7,33.7,33.7,33.7,33.7,33.7,33.7,33.7,33.7,33.7,33.7,33.7,33.7,33.7,33.7,33.7,33.7,33.7,33.7,33.7,33.7,33.7,33.7,33.7,33.7,33.7,33.7,33.7,33.7,33.7,33.7,33.7,33.7,33.7,33.7,33.7,33.7,33.7,33.7,33.7,33.7,33.7,33.7,33.7
BH =BMAX    Hull beam (overall),m,,8.26,8.26,8.26,8.26,8.26,8.26,8.26,8.26,8.26,8.26,8.26,8.26,8.26,8.26,8.26,8.26,8.26,8.26,8.26,8.26,8.26,8.26,8.26,8.26,8.26,8.26,8.26,8.26,8.26,8.26,8.26,8.26,8.26,8.26,8.26,8.26,8.26,8.26,8.26,8.26,8.26,8.26,8.26,8.26,8.26,8.26,8.26,8.26
BCB Beam between centres of buoyancy,m,,6.71,6.71,6.71,6.71,6.71,6.71,6.71,6.71,6.71,6.71,6.71,6.71,6.71,6.71,6.71,6.71,6.71,6.71,6.71,6.71,6.71,6.71,6.71,6.71,6.71,6.71,6.71,6.71,6.71,6.71,6.71,6.71,6.71,6.71,6.71,6.71,6.71,6.71,6.71,6.71,6.71,6.71,6.71,6.71,6.71,6.71,6.71,6.71
Bc  Chine beam,m,,3.78,3.78,3.78,3.78,3.78,3.78,3.78,3.78,3.78,3.78,3.78,3.78,3.78,3.78,3.78,3.78,3.78,3.78,3.78,3.78,3.78,3.78,3.78,3.78,3.78,3.78,3.78,3.78,3.78,3.78,3.78,3.78,3.78,3.78,3.78,3.78,3.78,3.78,3.78,3.78,3.78,3.78,3.78,3.78,3.78,3.78,3.78,3.78
BBH  Average beam between hulls,m,,2.69,2.69,2.69,2.69,2.69,2.69,2.69,2.69,2.69,2.69,2.69,2.69,2.69,2.69,2.69,2.69,2.69,2.69,2.69,2.69,2.69,2.69,2.69,2.69,2.69,2.69,2.69,2.69,2.69,2.69,2.69,2.69,2.69,2.69,2.69,2.69,2.69,2.69,2.69,2.69,2.69,2.69,2.69,2.69,2.69,2.69,2.69,2.69
BWL  Beam waterline  (Sum of waterline beams),m,,3.78,3.78,3.78,3.78,3.78,3.78,3.78,3.78,3.78,3.78,3.78,3.78,3.78,3.78,3.78,3.78,3.78,3.78,3.78,3.78,3.78,3.78,3.78,3.78,3.78,3.78,3.78,3.78,3.78,3.78,3.78,3.78,3.78,3.78,3.78,3.78,3.78,3.78,3.78,3.78,3.78,3.78,3.78,3.78,3.78,3.78,3.78,3.78
V,Knt,,12.5,12.5,12.5,12.5,12.5,12.5,12.5,12.5,12.5,12.5,12.5,12.5,12.5,12.5,12.5,12.5,12.5,12.5,12.5,12.5,12.5,12.5,12.5,12.5,12.5,12.5,12.5,12.5,12.5,12.5,12.5,12.5,12.5,12.5,12.5,12.5,12.5,12.5,12.5,12.5,12.5,12.5,12.5,12.5,12.5,12.5,12.5,12.5
"β04  Deadrise angle at x/LWL=0,4",deg,,15,15,15,15,15,15,15,15,15,15,15,15,15,15,15,15,15,15,15,15,15,15,15,15,15,15,15,15,15,15,15,15,15,15,15,15,15,15,15,15,15,15,15,15,15,15,15,15
Panel,,,#2 LEEN56_CC,#2 LEEN56_CC,#2 LEEN56_CC,#2 LEEN56_CC,#2 LEEN56_CC,#2 LEEN56_CC,#2 LEEN56_CC,#2 LEEN56_CC,#2 LEEN56_CC,#2 LEEN56_CC,#2 LEEN56_CC,#2 LEEN56_CC,#2 LEEN56_CC,#2 LEEN56_CC,#2 LEEN56_CC,#2 LEEN56_CC,#2 LEEN56_CC,#2 LEEN56_CC,#2 LEEN56_CC,#2 LEEN56_CC,#2 LEEN56_CC,#2 LEEN56_FL,#2 LEEN56_FL,#2 LEEN56_FL,#2 LEEN56_FL,#2 LEEN56_FL,#2 LEEN56_FL,#2 LEEN56_FL,#2 LEEN56_FL,#2 LEEN56_FL,#2 LEEN56_FL,#2 LEEN56_FL,#2 LEEN56_FL,#2 LEEN56_FL,#2 LEEN56_FL,#2 LEEN56_FL,#2 LEEN56_FL,#2 LEEN56_FL,#2 LEEN56_FL,#2 LEEN56_FL,#2 LEEN56_FL,#2 LEEN56_FL,#2 LEEN56_FL,#2 LEEN56_FL,#2 LEEN56_FL,#2 LEEN56_FL,#2 LEEN56_FL,#2 LEEN56_CC
,,,Fond-A,Muraille-A,Fond-B,Muraille-B,Fond-C,Muraille-C,Fond-D,Muraille-D,Fond-E,Muraille-E,Fond-F,Fond-F(0),Fond-F(1),Muraille-F,Fond-G,Muraille-G,Fond-H,Muraille-H,Fond-I,Fond-I(2),Muraille-I,FondExt-1,FondInt-1,FondExt-2,FondInt-2,MurailleExt-2,MurailleInt-2,FondExt-3,FondInt-3,MurailleExt-3,MurailleInt-3,FondExt-4,FondInt-4,MurailleExt-4,MurailleInt-4,FondExt-5,FondInt-5,MurailleExt-5,MurailleInt-5,FondExt-6,FondInt-6,MurailleExt-6,MurailleInt-6,FondExt-7,FondInt-7,MurailleExt-7,MurailleInt-7,ICNN19
Design category,,,A,A,A,A,A,A,A,A,A,A,A,A,A,A,A,A,A,A,A,A,A,A,A,A,A,A,A,A,A,A,A,A,A,A,A,A,A,A,A,A,A,A,A,A,A,A,A,A
Propulsion Type,,,Motor,Motor Cat,Motor Cat,Motor Cat,Motor Cat,Motor Cat,Motor Cat,Motor Cat,Motor Cat,Motor Cat,Motor Cat,Motor Cat,Motor Cat,Motor Cat,Motor Cat,Motor Cat,Motor Cat,Motor Cat,Motor Cat,Motor Cat,Motor Cat,Motor Cat,Motor Cat,Motor Cat,Motor Cat,Motor Cat,Motor Cat,Motor Cat,Motor Cat,Motor Cat,Motor Cat,Motor Cat,Motor Cat,Motor Cat,Motor Cat,Motor Cat,Motor Cat,Motor Cat,Motor Cat,Motor Cat,Motor Cat,Motor Cat,Motor Cat,Motor Cat,Motor Cat,Motor Cat,Motor Cat,Motor Tri
"LH=1,2*LWL if not documented",m,,17.41,17.41,17.41,17.41,17.41,17.41,17.41,17.41,17.41,17.41,17.41,17.41,17.41,17.41,17.41,17.41,17.41,17.41,17.41,17.41,17.41,17.41,17.41,17.41,17.41,17.41,17.41,17.41,17.41,17.41,17.41,17.41,17.41,17.41,17.41,17.41,17.41,17.41,17.41,17.41,17.41,17.41,17.41,17.41,17.41,17.41,17.41,17.41
Panel Dimensions,,,,,,,,,,,,,,,,,,,,,,,,,,,,,,,,,,,,,,,,,,,,,,,,,,
l,,,1179,1778,2492,2492,2871,2871,1728,1947,1465,2558,1791,1113,1113,1364,1789,1343,1547,1431,1802,1802,2374,1739,1803,2488,2488,2488,2488,1555,1555,1728,1728,1285,1285,1731,1700,745,745,1734,1683,1998,1998,1998,1998,1191,1191,1618,1565,2783
b,,,1178,1514,1371,1852,658,1871,1180,1728,551,1465,1113,904,801,1113,1343,1259,1431,1314,902,1432,761,1056,1739,517,535,1733,1819,616,650,1555,1555,610,648,1285,1285,575,612,745,745,494,524,1738,1668,483,515,1191,1191,1454
kR,,,1.1466,1.0458,1.0887,0.9444,1.3026,0.9387,1.146,0.9816,1.3347,1.0605,1.1661,1.2288,1.2597,1.1661,1.0971,1.1223,1.0707,1.1058,1.2294,1.0704,1.2717,1.1832,0.9783,1.3449,1.3395,0.9801,0.9543,1.3152,1.305,1.0335,1.0335,1.317,1.3056,1.1145,1.1145,1.3275,1.3164,1.2765,1.2765,1.3518,1.3428,0.9786,0.9996,1.3551,1.3455,1.1427,1.1427,1.0638
kAR (estimated),1,,0.4924778538,0.3683018028,0.3569480977,0.2829252896,0.5101593431,0.2686997242,0.4386613701,0.3233211684,0.6746202763,0.3381907463,0.4493979294,0.5813726821,0.6180182814,0.4876580882,0.3997723985,0.4544131983,0.3998538806,0.4336891755,0.5037062136,0.3817765559,0.5047746736,0.467349312,0.3291212757,0.5910989864,0.5827120074,0.2996734063,0.2875759069,0.6314965253,0.6165806389,0.3641671256,0.3641671256,0.6715655088,0.6537913918,0.4156162418,0.4178755439,0.811446313,0.7897471401,0.5603142996,0.5653549503,0.6432624626,0.6277775749,0.3192891284,0.3301879996,0.75820418,0.7384829991,0.4448746307,0.4493418749,0.3315195917
,,,,,,,,,,,,,,,,,,,,,,,,,,,,,,,,,,,,,,,,,,,,,,,,,,
Location and Orientation,,,Fond,Muraille Ext,Fond,Muraille Int,Fond,Muraille Int,Fond,Muraille Int,Fond,Muraille Int,Fond,Fond,Fond,Muraille Int,Fond,Muraille Int,Fond,Muraille Ext,Fond,Fond,Muraille Ext,Fond,Fond,Fond,Fond,Muraille Ext,Muraille Int,Fond,Fond,Muraille Ext,Muraille Int,Fond,Fond,Muraille Ext,Muraille Int,Fond,Fond,Muraille Ext,Muraille Int,Fond,Fond,Muraille Ext,Muraille Int,Fond,Fond,Muraille Ext,Muraille Int,Muraille Ext
α WDB (front slope of WD bottom),deg,,0,0,0,0,0,0,0,0,0,0,0,0,0,0,0,0,0,0,0,0,0,0,0,0,0,0,0,0,0,0,0,0,0,0,0,0,0,0,0,0,0,0,0,0,0,0,0,0
x,m,,0.87,0.87,2.983,2.983,6.377,6.377,8.676,8.676,10.271,10.271,11.604,11.604,11.604,11.604,12.87,12.87,14.234,14.234,15.347,16.576,15.896,0.87,0.87,2.983,2.983,2.983,2.983,5.005,5.005,5.005,5.005,6.425,6.425,6.425,6.425,7.44,7.44,7.44,7.44,8.811,8.811,8.811,8.811,10.406,10.406,10.406,10.406,13.6
ZSDAMX=ZQ CALC,m,,0,0.611,0,0.6795,0,0.2,0,0.21,0,0.374,0,0,0,0.909,0,0.981,0,1.098,0,0,1.434,0,0.492,0,0,0.84,0.515,0,0,0.764,0.666,0,0,0.843,0.514,0,0,0.6,0.864,0,0,0.831,0.873,0,0,0.42,0.664,1.077
ZWDAX,m,,1.557,1.557,1.557,1.557,1.557,1.557,1.557,1.557,1.557,1.557,1.557,1.557,1.557,1.557,1.557,1.557,1.557,1.557,1.557,1.557,1.557,1.557,1.557,1.557,1.557,1.557,1.557,1.557,1.557,1.557,1.557,1.557,1.557,1.557,1.557,1.557,1.557,1.557,1.557,1.557,1.557,1.557,1.557,1.557,1.557,1.557,1.557,1.557
Area,,,Top of superstructures,Top of superstructures,Top of superstructures,Top of superstructures,Top of superstructures,Top of superstructures,Top of superstructures,Top of superstructures,Top of superstructures,Top of superstructures,Top of superstructures,Top of superstructures,Top of superstructures,Top of superstructures,Top of superstructures,Top of superstructures,Top of superstructures,Top of superstructures,Top of superstructures,Top of superstructures,Top of superstructures,Top of superstructures,Top of superstructures,Top of superstructures,Top of superstructures,Top of superstructures,Top of superstructures,Top of superstructures,Top of superstructures,Top of superstructures,Top of superstructures,Top of superstructures,Top of superstructures,Top of superstructures,Top of superstructures,Top of superstructures,Top of superstructures,Top of superstructures,Top of superstructures,Top of superstructures,Top of superstructures,Top of superstructures,Top of superstructures,Top of superstructures,Top of superstructures,Top of superstructures,Top of superstructures,Top of superstructures
Walking/Non Walking,,,Walking,Walking,Walking,Walking,Walking,Walking,Walking,Walking,Walking,Walking,Walking,Walking,Walking,Walking,Walking,Walking,Walking,Walking,Walking,Walking,Walking,Walking,Walking,Walking,Walking,Walking,Walking,Walking,Walking,Walking,Walking,Walking,Walking,Walking,Walking,Walking,Walking,Walking,Walking,Walking,Walking,Walking,Walking,Walking,Walking,Walking,Walking,Walking
ISO Coefficients,,,,,,,,,,,,,,,,,,,,,,,,,,,,,,,,,,,,,,,,,,,,,,,,,,
BWL/LWL,1,,0.22,0.22,0.22,0.22,0.22,0.22,0.22,0.22,0.22,0.22,0.22,0.22,0.22,0.22,0.22,0.22,0.22,0.22,0.22,0.22,0.22,0.22,0.22,0.22,0.22,0.22,0.22,0.22,0.22,0.22,0.22,0.22,0.22,0.22,0.22,0.22,0.22,0.22,0.22,0.22,0.22,0.22,0.22,0.22,0.22,0.22,0.22,0.22
BBH/BMAX  Average beam between hull,,,0.33,0.33,0.33,0.33,0.33,0.33,0.33,0.33,0.33,0.33,0.33,0.33,0.33,0.33,0.33,0.33,0.33,0.33,0.33,0.33,0.33,0.33,0.33,0.33,0.33,0.33,0.33,0.33,0.33,0.33,0.33,0.33,0.33,0.33,0.33,0.33,0.33,0.33,0.33,0.33,0.33,0.33,0.33,0.33,0.33,0.33,0.33,0.33
x/Lwl,1,,0.05,0.05,0.17,0.17,0.37,0.37,0.5,0.5,0.59,0.59,0.67,0.67,0.67,0.67,0.74,0.74,0.82,0.82,0.88,0.95,0.91,0.05,0.05,0.17,0.17,0.17,0.17,0.29,0.29,0.29,0.29,0.37,0.37,0.37,0.37,0.43,0.43,0.43,0.43,0.51,0.51,0.51,0.51,0.6,0.6,0.6,0.6,0.78
"ZSDTMx=(0,0286 LWL+0,115)x/LWL+0,0571 LWL+0,229",m,,1.25,1.25,1.33,1.33,1.45,1.45,1.53,1.53,1.58,1.58,1.63,1.63,1.63,1.63,1.68,1.68,1.72,1.72,1.76,1.81,1.78,1.25,1.25,1.33,1.33,1.33,1.33,1.4,1.4,1.4,1.4,1.45,1.45,1.45,1.45,1.49,1.49,1.49,1.49,1.53,1.53,1.53,1.53,1.59,1.59,1.59,1.59,1.7
ZSDAMx/ZSDTMx = ZQ/ZSDT,1,,0.94,1.94,2.94,3.94,4.94,5.94,6.94,7.94,8.94,9.94,10.94,11.94,12.94,13.94,14.94,15.94,16.94,17.94,18.94,19.94,20.94,21.94,22.94,23.94,24.94,25.94,26.94,27.94,28.94,29.94,30.94,31.94,32.94,33.94,34.94,35.94,36.94,37.94,38.94,39.94,40.94,41.94,42.94,43.94,44.94,45.94,46.94,0.63
"ZWDTx=(0,0186 LWL+0,0748)x/LWL+0,0371 LWL+0,1489",m,,0.81,0.81,0.86,0.86,0.94,0.94,0.99,0.99,1.03,1.03,1.06,1.06,1.06,1.06,1.09,1.09,1.12,1.12,1.15,1.17,1.16,0.81,0.81,0.86,0.86,0.86,0.86,0.91,0.91,0.91,0.91,0.94,0.94,0.94,0.94,0.97,0.97,0.97,0.97,1,1,1,1,1.03,1.03,1.03,1.03,1.11
ZWDAx/ZWDTx,1,,1.91,1.91,1.8,1.8,1.65,1.65,1.57,1.57,1.51,1.51,1.47,1.47,1.47,1.47,1.43,1.43,1.39,1.39,1.36,1.33,1.34,1.91,1.91,1.8,1.8,1.8,1.8,1.71,1.71,1.71,1.71,1.65,1.65,1.65,1.65,1.61,1.61,1.61,1.61,1.56,1.56,1.56,1.56,1.51,1.51,1.51,1.51,1.41
Boat Shape Coefficients,,,,,,,,,,,,,,,,,,,,,,,,,,,,,,,,,,,,,,,,,,,,,,,,,,
"ZTx=-TCx   Local max canoe body draft (calcul for x/LWL=0,5)",m,,-0.98,-0.98,-0.98,-0.98,-0.98,-0.98,-0.98,-0.98,-0.98,-0.98,-0.98,-0.98,-0.98,-0.98,-0.98,-0.98,-0.98,-0.98,-0.98,-0.98,-0.98,-0.98,-0.98,-0.98,-0.98,-0.98,-0.98,-0.98,-0.98,-0.98,-0.98,-0.98,-0.98,-0.98,-0.98,-0.98,-0.98,-0.98,-0.98,-0.98,-0.98,-0.98,-0.98,-0.98,-0.98,-0.98,-0.98,-0.98
kDC,1,,1,1,1,1,1,1,1,1,1,1,1,1,1,1,1,1,1,1,1,1,1,1,1,1,1,1,1,1,1,1,1,1,1,1,1,1,1,1,1,1,1,1,1,1,1,1,1,1
"kDYNMS= MIN(MAX((3,087*LWL²/(mLDC^0,66);1);2,4))",1,,1,1,1,1,1,1,1,1,1,1,1,1,1,1,1,1,1,1,1,1,1,1,1,1,1,1,1,1,1,1,1,1,1,1,1,1,1,1,1,1,1,1,1,1,1,1,1,1
"kLM= MIN((1,667-0,222*kDYNM)*x/LWL+0,133*kDYNM;1) Longit fact hull",1,,0.21,0.21,0.38,0.38,0.66,0.66,0.85,0.85,0.99,0.99,1,1,1,1,1,1,1,1,1,1,1,0.21,0.21,0.38,0.38,0.38,0.38,0.55,0.55,0.55,0.55,0.67,0.67,0.67,0.67,0.75,0.75,0.75,0.75,0.86,0.86,0.86,0.86,1,1,1,1,1
"kLDM= =MIN((1.667-0.222*3)*x/LWL+0.133*3,1)",1,,0.45,0.45,0.57,0.57,0.77,0.77,0.9,0.9,0.99,0.99,1,1,1,1,1,1,1,1,1,1,1,0.45,0.45,0.57,0.57,0.57,0.57,0.69,0.69,0.69,0.69,0.77,0.77,0.77,0.77,0.83,0.83,0.83,0.83,0.91,0.91,0.91,0.91,1,1,1,1,1
"kBWD= 1,3*BBH/LWL+0,39  Beam factor",1,,0.59,0.59,0.59,0.59,0.59,0.59,0.59,0.59,0.59,0.59,0.59,0.59,0.59,0.59,0.59,0.59,0.59,0.59,0.59,0.59,0.59,0.59,0.59,0.59,0.59,0.59,0.59,0.59,0.59,0.59,0.59,0.59,0.59,0.59,0.59,0.59,0.59,0.59,0.59,0.59,0.59,0.59,0.59,0.59,0.59,0.59,0.59,0.59
"kZWD= SI(ZWDA/ZWDT>1;MAX((ZWDA/ZWDT)^0,8;0,5);min((ZWDA/ZWDT)^1,5;2))",1,,0.6,0.6,0.62,0.62,0.67,0.67,0.7,0.7,0.72,0.72,0.74,0.74,0.74,0.74,0.75,0.75,0.77,0.77,0.78,0.8,0.79,0.6,0.6,0.62,0.62,0.62,0.62,0.65,0.65,0.65,0.65,0.67,0.67,0.67,0.67,0.68,0.68,0.68,0.68,0.7,0.7,0.7,0.7,0.72,0.72,0.72,0.72,0.76
"kSWDx = MIN(1/COS(RADIANS(αWDB)),1.5)",1,,1,1,1,1,1,1,1,1,1,1,1,1,1,1,1,1,1,1,1,1,1,1,1,1,1,1,1,1,1,1,1,1,1,1,1,1,1,1,1,1,1,1,1,1,1,1,1,1
kLWDx,,,,,,,,,,,,,,,,,,,,,,,,,,,,,,,,,,,,,,,,,,,,,,,,,,
ISO Pressure calculations,,,,,,,,,,,,,,,,,,,,,,,,,,,,,,,,,,,,,,,,,,,,,,,,,,
" PBMU BASE=(2*mLDC^0,33+18)*kDYNM   BASE BOTTOM",kN/m²,,79.3,79.3,79.3,79.3,79.3,79.3,79.3,79.3,79.3,79.3,79.3,79.3,79.3,79.3,79.3,79.3,79.3,79.3,79.3,79.3,79.3,79.3,79.3,79.3,79.3,79.3,79.3,79.3,79.3,79.3,79.3,79.3,79.3,79.3,79.3,79.3,79.3,79.3,79.3,79.3,79.3,79.3,79.3,79.3,79.3,79.3,79.3,79.3
PBMUx=PBMU BASE*kAR*kDC*kLM,kN/m²,,8,6,10.8,8.5,26.8,14.1,29.7,21.9,52.7,26.4,35.7,46.1,49,38.7,31.7,36.1,31.7,34.4,40,30.3,40,7.6,5.4,17.8,17.6,9,8.7,27.5,26.8,15.8,15.8,35.5,34.6,22,22.1,48.3,47,33.4,33.7,44.1,43,21.9,22.6,60,58.4,35.2,35.5,26.3
"PBMux MIN PLT= max[(0,3mLDC0,33+0,66LWL×kDC)×kLMx;10Tc ;7]",,,20.7,20.7,20.7,20.7,20.7,20.7,20.7,20.7,20.7,20.7,20.7,20.7,20.7,20.7,20.7,20.7,20.7,20.7,20.7,20.7,20.7,20.7,20.7,20.7,20.7,20.7,20.7,20.7,20.7,20.7,20.7,20.7,20.7,20.7,20.7,20.7,20.7,20.7,20.7,20.7,20.7,20.7,20.7,20.7,20.7,20.7,20.7,20.7
" PDMU BASE=(0,375*mLDC^0,33+9)  BASE DECK",kN/m²,,20.5,20.5,20.5,20.5,20.5,20.5,20.5,20.5,20.5,20.5,20.5,20.5,20.5,20.5,20.5,20.5,20.5,20.5,20.5,20.5,20.5,20.5,20.5,20.5,20.5,20.5,20.5,20.5,20.5,20.5,20.5,20.5,20.5,20.5,20.5,20.5,20.5,20.5,20.5,20.5,20.5,20.5,20.5,20.5,20.5,20.5,20.5,20.5
PDMUX =PDMU BASE*kAR*kDC*kLDM    ACTUAL DECK for ZQ=ZSDTM always >5,kN/m²,,4.54,3.4,4.18,3.31,8.01,4.22,8.08,5.95,13.69,6.86,9.21,11.92,12.67,10,8.2,9.32,8.2,8.89,10.33,7.83,10.35,4.31,3.04,6.92,6.83,3.51,3.37,8.9,8.69,5.13,5.13,10.59,10.31,6.55,6.59,13.76,13.4,9.5,9.59,11.95,11.66,5.93,6.13,15.51,15.1,9.1,9.19,6.8
PWD BASE=P DMU BASE  WET DECK BASE,kN/m²,,71.4,71.4,71.4,71.4,71.4,71.4,71.4,71.4,71.4,71.4,71.4,71.4,71.4,71.4,71.4,71.4,71.4,71.4,71.4,71.4,71.4,71.4,71.4,71.4,71.4,71.4,71.4,71.4,71.4,71.4,71.4,71.4,71.4,71.4,71.4,71.4,71.4,71.4,71.4,71.4,71.4,71.4,71.4,71.4,71.4,71.4,71.4,71.4
PWDX =PBMU BASE*kAR*kDC*kLDM*kZWD*kBWD*kFWD    ACTUAL WET DECK,kN/m²,,13.8,10.3,10.4,8.3,16,8.4,14.4,10.6,22.7,11.4,15.5,20,21.3,16.8,14.1,16,14.4,15.6,18.5,14.3,18.7,13,9.2,17.3,17,8.8,8.4,19.3,18.8,11.1,11.1,21.1,20.5,13,13.1,25.9,25.3,17.9,18.1,21.1,20.6,10.5,10.8,25.6,24.9,15,15.2,11.8
kZDM=MIN((ZQ-ZTC)/(ZSTDM-ZTC));1),1,,0.44,0.71,0.42,0.72,0.4,0.49,0.39,0.47,0.38,0.53,0.38,0.38,0.38,0.72,0.37,0.74,0.36,0.77,0.36,0.35,0.87,0.44,0.66,0.42,0.42,0.79,0.65,0.41,0.41,0.73,0.69,0.4,0.4,0.75,0.61,0.4,0.4,0.64,0.75,0.39,0.39,0.72,0.74,0.38,0.38,0.54,0.64,0.77
PDMUOX =(PBMU BASE -(PBMU BASE-PDMU BASE)*MIN((ZQ-ZTC)/(ZSTDM-ZTC));1))*kAR*kDC*kLDM,kN/m²,,5,5,5,5,8,5,8.1,6,13.7,6.9,9.2,11.9,12.7,10,8.2,9.3,8.2,8.9,10.3,7.8,10.3,5,5,6.9,6.8,5,5,8.9,8.7,5.1,5.1,10.6,10.3,6.6,6.6,13.8,13.4,9.5,9.6,11.9,11.7,5.9,6.1,15.5,15.1,9.1,9.2,6.8
kZWD =MIN((ZQ-ZTC)/(ZWDT-ZTC));1),1,,1,1,1,1,1,1,1,1,1,1,1,1,1,1,1,1,1,1,1,1,1,1,1,1,1,1,1,1,1,1,1,1,1,1,1,1,1,1,1,1,1,1,1,1,1,1,1,1
PSUP MIN,kN/m²,,5,5,5,5,5,5,5,5,5,5,5,5,5,5,5,5,5,5,5,5,5,5,5,5,5,5,5,5,5,5,5,5,5,5,5,5,5,5,5,5,5,5,5,5,5,5,5,5
k_walking_max,1,,0.5,0.5,0.5,0.5,0.5,0.5,0.5,0.5,0.5,0.5,0.5,0.5,0.5,0.5,0.5,0.5,0.5,0.5,0.5,0.5,0.5,0.5,0.5,0.5,0.5,0.5,0.5,0.5,0.5,0.5,0.5,0.5,0.5,0.5,0.5,0.5,0.5,0.5,0.5,0.5,0.5,0.5,0.5,0.5,0.5,0.5,0.5,0.5
Hsup_factor,1/m2,,0.5,0.5,0.5,0.5,0.5,0.5,0.5,0.5,0.5,0.5,0.5,0.5,0.5,0.5,0.5,0.5,0.5,0.5,0.5,0.5,0.5,0.5,0.5,0.5,0.5,0.5,0.5,0.5,0.5,0.5,0.5,0.5,0.5,0.5,0.5,0.5,0.5,0.5,0.5,0.5,0.5,0.5,0.5,0.5,0.5,0.5,0.5,0.5
Hsup,m,,-1.25,-0.64,-1.33,-0.65,-1.45,-1.25,-1.53,-1.32,-1.58,-1.21,-1.63,-1.63,-1.63,-0.72,-1.68,-0.7,-1.72,-0.63,-1.76,-1.81,-0.35,-1.25,-0.76,-1.33,-1.33,-0.49,-0.81,-1.4,-1.4,-0.64,-0.73,-1.45,-1.45,-0.61,-0.94,-1.49,-1.49,-0.89,-0.62,-1.53,-1.53,-0.7,-0.66,-1.59,-1.59,-1.17,-0.93,-0.62
kSUP_superstructure,1,,1.54,1.28,1.57,1.28,1.62,1.53,1.66,1.57,1.68,1.52,1.7,1.7,1.7,1.31,1.72,1.3,1.74,1.27,1.76,1.77,1.15,1.54,1.33,1.57,1.57,1.21,1.35,1.6,1.6,1.27,1.31,1.62,1.62,1.26,1.4,1.64,1.64,1.38,1.27,1.66,1.66,1.3,1.28,1.68,1.68,1.5,1.4,1.27
kZMUOx=min((ZQx-ZTx)/(ZSDTMx-ZTx);1),1,,0.44,0.71,0.42,0.72,0.4,0.49,0.39,0.47,0.38,0.53,0.38,0.38,0.38,0.72,0.37,0.74,0.36,0.77,0.36,0.35,0.87,0.44,0.66,0.42,0.42,0.79,0.65,0.41,0.41,0.73,0.69,0.4,0.4,0.75,0.61,0.4,0.4,0.64,0.75,0.39,0.39,0.72,0.74,0.38,0.38,0.54,0.64,0.77
kZMUIx=min((ZQx-ZTx)/(ZWDAx-ZTx);1),1,,0.39,0.63,0.39,0.65,0.39,0.47,0.39,0.47,0.39,0.53,0.39,0.39,0.39,0.74,0.39,0.77,0.39,0.82,0.39,0.39,0.95,0.39,0.58,0.39,0.39,0.72,0.59,0.39,0.39,0.69,0.65,0.39,0.39,0.72,0.59,0.39,0.39,0.62,0.73,0.39,0.39,0.71,0.73,0.39,0.39,0.55,0.65,0.81
PHMUOx=(PBMUx-(PBMUX-PDMUx) × KZMUOx,kN/m²,,10.56,8.5,12.16,9.17,23.74,13.61,26.39,18.3,47.04,20.98,31.93,41.31,43.91,23.68,28.52,21.48,28.63,19.34,36.18,27.51,17.37,10.33,8.65,16.57,16.41,8.47,9.88,24.32,23.75,11.04,11.75,31.45,30.61,13.29,16.23,42.86,41.71,23.56,20.19,39.22,38.28,13.61,13.67,53.49,52.1,27.44,24.75,14.83
PHMUOx Min =(PBMU min pltx-(PBMUXmin -PDMUx min) × kZMUOx,kN/m²,,13.81,9.52,14.03,9.41,14.36,13.06,14.56,13.25,14.7,12.41,14.8,14.8,14.8,9.34,14.9,9.11,15,8.63,15.09,15.17,6.98,13.81,10.35,14.03,14.03,8.32,10.53,14.23,14.23,9.19,9.84,14.36,14.36,8.92,11.04,14.45,14.45,10.63,8.95,14.57,14.57,9.38,9.12,14.71,14.71,12.14,10.65,8.66
PHMUIx=(PBMUx-(PBMUX-PWDx) × KZMUIx,kN/m²,,12.91,15.21,14.61,16.49,24.44,17.18,26.21,21.32,41.15,23.37,29.87,36.3,38.32,25.29,27.46,24.18,27.46,23.17,32.52,26.58,21.63,12.66,14.25,18.95,18.79,17.4,15.76,24.86,24.46,19.18,18.99,29.92,29.2,21.05,21.27,39.68,38.61,25.47,24.23,35.22,34.41,21.04,21.22,46.68,45.47,27.18,25.91,21.75
PHMUIx MIN=(PBMUx MIN-(PBMUX MIN-PWDx MIN) × kZMUIx,kN/m²,,14.63,10.85,14.63,10.43,14.63,13.39,14.63,13.33,14.63,12.32,14.63,14.63,14.63,9.01,14.63,8.56,14.63,7.84,14.63,14.63,5.76,14.63,11.59,14.63,14.63,9.43,11.44,14.63,14.63,9.9,10.51,14.63,14.63,9.42,11.45,14.63,14.63,10.92,9.29,14.63,14.63,9.49,9.23,14.63,14.63,12.03,10.52,7.97
Pressure Requirements,,,,,,,,,,,,,,,,,,,,,,,,,,,,,,,,,,,,,,,,,,,,,,,,,,
"PBMU FINAL PLT=max (PBMUx, ;0,3 mLDC 0,33+0,66LWL*kDC;10*Tc;7)",kN/m²,,20.7,20.7,20.7,20.7,26.8,20.7,29.7,21.9,52.7,26.4,35.7,46.1,49,38.7,31.7,36.1,31.7,34.4,40,30.3,40,20.7,20.7,20.7,20.7,20.7,20.7,27.5,26.8,20.7,20.7,35.5,34.6,22,22.1,48.3,47,33.4,33.7,44.1,43,21.9,22.6,60,58.4,35.2,35.5,26.3
"PBMux FINAL STF= max[(0,85 PBMU MIN PLT;5)",kN/m²,,17.6,17.6,17.6,17.6,22.8,17.6,25.2,18.6,44.8,22.5,30.3,39.2,41.7,32.9,27,30.6,27,29.2,34,25.7,34,17.6,17.6,17.6,17.6,17.6,17.6,23.4,22.8,17.6,17.6,30.2,29.4,18.7,18.8,41.1,40,28.4,28.6,37.5,36.6,18.6,19.2,51,49.6,29.9,30.2,22.4
"PHMUOx FINAL = Max (PHMUOx, PHMUOx MIN)",kN/m²,,13.8,9.5,14,9.4,23.7,13.6,26.4,18.3,47,21,31.9,41.3,43.9,23.7,28.5,21.5,28.6,19.3,36.2,27.5,17.4,13.8,10.4,16.6,16.4,8.5,10.5,24.3,23.8,11,11.8,31.4,30.6,13.3,16.2,42.9,41.7,23.6,20.2,39.2,38.3,13.6,13.7,53.5,52.1,27.4,24.7,14.8
"PHMUOx FINAL  STF= max[(0,85PHMUOx FINAL ;5)",kN/m²,,11.7,8.1,11.9,8,20.2,11.6,22.4,15.6,40,17.8,27.1,35.1,37.3,20.1,24.2,18.3,24.3,16.4,30.8,23.4,14.8,11.7,8.8,14.1,13.9,7.2,8.9,20.7,20.2,9.4,10,26.7,26,11.3,13.8,36.4,35.5,20,17.2,33.3,32.5,11.6,11.6,45.5,44.3,23.3,21,12.6
"PHMUIx FINAL = Max (PHMUIx, PHMUx MIN)",kN/m²,,14.6,15.2,14.6,16.5,24.4,17.2,26.2,21.3,41.1,23.4,29.9,36.3,38.3,25.3,27.5,24.2,27.5,23.2,32.5,26.6,21.6,14.6,14.3,18.9,18.8,17.4,15.8,24.9,24.5,19.2,19,29.9,29.2,21.1,21.3,39.7,38.6,25.5,24.2,35.2,34.4,21,21.2,46.7,45.5,27.2,25.9,21.8
"PHMUIx FINAL  STF= max[(0,85 PHMUIx FINAL PLT;5)",kN/m²,,12.4,12.9,12.4,14,20.8,14.6,22.3,18.1,35,19.9,25.4,30.9,32.6,21.5,23.3,20.6,23.3,19.7,27.6,22.6,18.4,12.4,12.1,16.1,16,14.8,13.4,21.1,20.8,16.3,16.1,25.4,24.8,17.9,18.1,33.7,32.8,21.7,20.6,29.9,29.3,17.9,18,39.7,38.6,23.1,22,18.5
PDMUOX FINAL PLT =(PBMU FINAL -(PBMU FINAL-PDMU FINAL)*kZSDM),kN/m²,,13.8,9.5,14,9.4,19.2,13.1,21.2,14.3,37.8,16.1,25.7,33.3,35.4,17.9,23,16.3,23.2,14.8,29.4,22.4,14.1,13.8,10.4,14.8,14.8,8.3,10.5,19.8,19.4,9.3,9.9,25.4,24.8,10.4,12.6,34.6,33.7,18.1,15.7,31.6,30.8,10.4,10.5,43,41.9,21,18.7,11.3
"PDMUOX FINAL STIF = max (0,85 PHMUx MIN ;5)",kN/m²,,11.7,8.1,11.9,8,16.3,11.1,18.1,12.2,32.1,13.7,21.9,28.3,30.1,15.2,19.6,13.9,19.7,12.6,25,19,12,11.7,8.8,12.6,12.6,7.1,8.9,16.9,16.5,7.9,8.4,21.6,21.1,8.8,10.7,29.4,28.6,15.4,13.3,26.8,26.2,8.8,8.9,36.6,35.6,17.8,15.9,9.6
"PWDx FINAL PLT=max (PWDx, ;0,3 mLDC^0,33+0,66LWL*kDC;7)",kN/m²,,20.7,20.7,20.7,20.7,20.7,20.7,20.7,20.7,22.7,20.7,20.7,20.7,21.3,20.7,20.7,20.7,20.7,20.7,20.7,20.7,20.7,20.7,20.7,20.7,20.7,20.7,20.7,20.7,20.7,20.7,20.7,21.1,20.7,20.7,20.7,25.9,25.3,20.7,20.7,21.1,20.7,20.7,20.7,25.6,24.9,20.7,20.7,20.7
"PWDx FINAL STIFF=max (0,85 PWDx MIN PLT; 5)",kN/m²,,17.6,17.6,17.6,17.6,17.6,17.6,17.6,17.6,19.3,17.6,17.6,17.6,18.1,17.6,17.6,17.6,17.6,17.6,17.6,17.6,17.6,17.6,17.6,17.6,17.6,17.6,17.6,17.6,17.6,17.6,17.6,17.9,17.6,17.6,17.6,22.1,21.5,17.6,17.6,17.9,17.6,17.6,17.6,21.8,21.2,17.6,17.6,17.6
"PDMU FINAL PLT=max (PDMUx, ;5 walking area)",kN/m²,,5,5,5,5,8,5,8.1,6,13.7,6.9,9.2,11.9,12.7,10,8.2,9.3,8.2,8.9,10.3,7.8,10.3,5,5,6.9,6.8,5,5,8.9,8.7,5.1,5.1,10.6,10.3,6.6,6.6,13.8,13.4,9.5,9.6,11.9,11.7,5.9,6.1,15.5,15.1,9.1,9.2,6.8
"PDMU FINAL STIFF=max (0,85 PDMU FINAL ; 5)",kN/m²,,5,5,5,5,6.8,5,6.9,5.1,11.6,5.8,7.8,10.1,10.8,8.5,7,7.9,7,7.6,8.8,6.7,8.8,5,5,5.9,5.8,5,5,7.6,7.4,5,5,9,8.8,5.6,5.6,11.7,11.4,8.1,8.2,10.2,9.9,5,5.2,13.2,12.8,7.7,7.8,5.8
PSUPMx PLT= max ([PDMUx BASE ×kAR ×kDC ×kLDM ×kSUP ; PSUP MIN),kN/m²,,7,5,6.6,5,13,6.5,13.4,9.3,23,10.4,15.7,20.3,21.5,13.1,14.1,12.1,14.3,11.3,18.1,13.9,11.9,6.6,5,10.9,10.7,5,5,14.2,13.9,6.5,6.7,17.2,16.7,8.3,9.2,22.5,21.9,13.1,12.1,19.8,19.3,7.7,7.9,26.1,25.4,13.7,12.8,8.6
"PSUPMX STIFF = max (0,85 PSUPMx ; 5)",kN/m²,,5.9,5,5.6,5,11,5.5,11.4,7.9,19.5,8.9,13.3,17.2,18.3,11.1,12,10.3,12.1,9.6,15.4,11.8,10.1,5.6,5,9.2,9.1,5,5,12.1,11.8,5.6,5.7,14.6,14.2,7,7.8,19.1,18.6,11.1,10.3,16.8,16.4,6.6,6.7,22.2,21.6,11.6,10.9,7.3